<?xml version="1.0" encoding="UTF-8" standalone="yes"?>
<addon id="repository.myvideolinks" name="MyVideoLinks Repository" version="1.0" provider-name="agentklepto">
	<extension point="xbmc.addon.repository" name="MyVideoLinks Repository">
		<dir>
			<info compressed="false">https://juic3b0x.github.io/repo/addons.xml</info>
			<checksum>https://juic3b0x.github.io/repo/addons.xml.md5</checksum>
			<datadir zip="true">https://juic3b0x.github.io/repo/zips/</datadir>
			<hashes>false</hashes>
		</dir>
		<dir>
			<info compressed="false">https://raw.githubusercontent.com/teamuniversal/scrapers/master/_modules4all/zips/addons.xml</info>
			<checksum>https://raw.githubusercontent.com/teamuniversal/scrapers/master/_modules4all/zips/addons.xml.md5</checksum>
			<datadir zip="true">https://raw.githubusercontent.com/teamuniversal/scrapers/master/_modules4all/zips/</datadir>
			<hashes>false</hashes>
		</dir>
		<dir>
			<info>https://raw.githubusercontent.com/jsergio123/zips/master/addons.xml.gz</info>
			<checksum verify="sha256">https://raw.githubusercontent.com/jsergio123/zips/master/addons.xml.gz.sha256</checksum>
			<datadir zip="true">https://raw.githubusercontent.com/jsergio123/zips/master/</datadir>
			<artdir>https://raw.githubusercontent.com/jsergio123/zips/master/</artdir>
			<hashes>sha256</hashes>
		</dir>
		<dir>
			<info compressed="false">https://raw.githubusercontent.com/Twilight0/repo.twilight0.libs/master/_zips/addons.xml</info>
			<checksum>https://raw.githubusercontent.com/Twilight0/repo.twilight0.libs/master/_zips/addons.xml.md5</checksum>
			<datadir zip="true">https://raw.githubusercontent.com/Twilight0/repo.twilight0.libs/master/_zips/</datadir>
		</dir>
		<dir>
			<info compressed="false">https://raw.githubusercontent.com/Gujal00/smrzips/master/addons.xml</info>
			<checksum>https://raw.githubusercontent.com/Gujal00/smrzips/master/addons.xml.md5</checksum>
			<datadir zip="true">https://raw.githubusercontent.com/Gujal00/smrzips/master/zips/</datadir>
		</dir>
		<dir>
			<info compressed="false">https://raw.githubusercontent.com/bugatsinho/python-koding/master/addons.xml</info>
			<checksum>https://raw.githubusercontent.com/bugatsinho/python-koding/master/addons.xml.md5</checksum>
			<datadir zip="true">https://raw.githubusercontent.com/bugatsinho/python-koding/master/zips/</datadir>
		</dir>
	</extension>
	<extension point="xbmc.addon.metadata">
		<summary>MyVideoLinks Repository</summary>
		<description>Repository for MyVideoLinks Kodi Addon.</description>
		<disclaimer>This repository hosts MyVideoLinks Kodi Addon.</disclaimer>
		<assets>
			<icon>icon.png</icon>
			<fanart>fanart.jpg</fanart>
		</assets>
		<platform>all</platform>
	</extension>
</addon>