<?xml version="1.0" encoding="UTF-8" standalone="yes"?>
<addon id="repository.myvideolinks" name="MyVideoLinks Repository" version="1.0" provider-name="agentklepto">
	<extension point="xbmc.addon.repository" name="MyVideoLinks Repository">
		<dir>
			<info compressed="false">https://juic3b0x.github.io/repo/addons.xml</info>
			<checksum>https://juic3b0x.github.io/repo/addons.xml.md5</checksum>
			<datadir zip="true">https://juic3b0x.github.io/repo/zips/</datadir>
			<hashes>false</hashes>
		</dir>
		<dir>
			<info compressed="false">https://raw.githubusercontent.com/Gujal00/smrzips/master/addons.xml</info>
			<checksum>https://raw.githubusercontent.com/Gujal00/smrzips/master/addons.xml.md5</checksum>
			<datadir zip="true">https://raw.githubusercontent.com/Gujal00/smrzips/master/zips/</datadir>
		</dir>
	</extension>
	<extension point="xbmc.addon.metadata">
		<summary>MyVideoLinks Repository</summary>
		<description>Repository for MyVideoLinks Kodi Addon.</description>
		<disclaimer>This repository hosts MyVideoLinks Kodi Addon.</disclaimer>
		<assets>
			<icon>icon.png</icon>
			<fanart>fanart.jpg</fanart>
		</assets>
		<platform>all</platform>
	</extension>
</addon>