<addon id="repository.myvideolinks" version="1.0.0" name="MyVideoLinks Repository" provider-name="agentklepto">
    <requires>
        <import addon="xbmc.addon" version="5.0.0"/>
    </requires>

    <extension point="xbmc.addon.metadata">
        <summary>MyVideoLinks Repository</summary>
        <description>Repository for MyVideoLinks Kodi Addon.</description>
        <platform>all</platform>
        <language>en</language>
        <license>GPL-2.0-or-later</license>
        <forum>https://forum.kodi.tv/showthread.php?tid=REPO_THREAD_ID</forum>
        <website>https://juic3b0x.github.io</website>
    </extension>

    <extension point="xbmc.addon.repository">
        <dir>
            <name>MyVideoLinks Repository</name>
            <id>repository.myvideolinks</id>
            <version>1.0.0</version>
            <provider-name>agentklepto</provider-name>
            <description>Repository for MyVideoLinks Kodi Addon.</description>
            <disclaimer>This repository hosts MyVideoLinks Kodi Addon.</disclaimer>
            <changelog>https://juic3b0x.github.io/repo/plugin.video.myvideolinks/changelog.txt</changelog>
            <datadir zip="true">https://juic3b0x.github.io/repo/zips/</datadir>
        </dir>
        <info compressed="false">https://juic3b0x.github.io/repo/addons.xml</info>
        <checksum>https://juic3b0x.github.io/repo/addons.xml.md5</checksum>
    </extension>
</addon>
